{
    "format_version": "0.1",
    "terraform_version": "0.12.26",
    "planned_values": {
        "root_module": {
            "resources": [
                {
                    "address": "aws_iam_policy.policy",
                    "mode": "managed",
                    "type": "aws_iam_policy",
                    "name": "policy",
                    "provider_name": "aws",
                    "schema_version": 0,
                    "values": {
                        "description": "My test policy",
                        "name": "test_policy",
                        "name_prefix": null,
                        "path": "/",
                        "policy": "{\n  \"Version\": \"2012-10-17\",\n  \"Statement\": [\n    {\n      \"Effect\": \"Allow\",\n      \"Action\": [\n        \"wafv2:*\"\n      ],\n      \"Resource\": \"*\"\n    }\n  ]\n}\n"
                    }
                }
            ]
        }
    },
    "resource_changes": [
        {
            "address": "aws_iam_policy.policy",
            "mode": "managed",
            "type": "aws_iam_policy",
            "name": "policy",
            "provider_name": "aws",
            "change": {
                "actions": [
                    "create"
                ],
                "before": null,
                "after": {
                    "description": "My test policy",
                    "name": "test_policy",
                    "name_prefix": null,
                    "path": "/",
                    "policy": "{\n  \"Version\": \"2012-10-17\",\n  \"Statement\": [\n    {\n      \"Effect\": \"Allow\",\n      \"Action\": [\n        \"wafv2:*\"\n      ],\n      \"Resource\": \"*\"\n    }\n  ]\n}\n"
                },
                "after_unknown": {
                    "arn": true,
                    "id": true
                }
            }
        }
    ],
    "configuration": {
        "provider_config": {
            "aws": {
                "name": "aws",
                "expressions": {
                    "profile": {
                        "constant_value": "saml"
                    },
                    "region": {
                        "constant_value": "us-east-1"
                    },
                    "shared_credentials_file": {
                        "constant_value": "~/.aws/creds"
                    }
                }
            }
        },
        "root_module": {
            "resources": [
                {
                    "address": "aws_iam_policy.policy",
                    "mode": "managed",
                    "type": "aws_iam_policy",
                    "name": "policy",
                    "provider_config_key": "aws",
                    "expressions": {
                        "description": {
                            "constant_value": "My test policy"
                        },
                        "name": {
                            "constant_value": "test_policy"
                        },
                        "path": {
                            "constant_value": "/"
                        },
                        "policy": {
                            "constant_value": "{\n  \"Version\": \"2012-10-17\",\n  \"Statement\": [\n    {\n      \"Effect\": \"Allow\",\n      \"Action\": [\n        \"wafv2:*\"\n      ],\n      \"Resource\": \"*\"\n    }\n  ]\n}\n"
                        }
                    },
                    "schema_version": 0
                }
            ]
        }
    }
}